"COM";"LIBELLE"
"01059";"Brénaz"
"01091";"Châtillon-en-Michaille"
"01097";"Chavornay"
"01119";"Corcelles"
"01120";"Cordieux"
"01122";"Cormaranche-en-Bugey"
"01137";"Cuisiat"
"01144";"Dommartin"
"01154";"Étrez"
"01172";"Germagnat"
"01182";"Groslée"
"01186";"Hostiaz"
"01205";"Lancrans"
"01218";"Lochieu"
"01221";"Lompnieu"
"01271";"Nattages"
"01300";"Le Poizat"
"01312";"Pressiat"
"01324";"Rignat"
"01340";"Saint-Bois"
"01413";"Surjoux"
"01414";"Sutrieu"
"01417";"Thézillieu"
"01442";"Vieu"
"02026";"Artonges"
"02147";"La Celle-sous-Montmirail"
"02161";"La Chapelle-Monthodon"
"02285";"Escaufourt"
"02300";"Fargniers"
"02301";"Faucoucourt"
"02325";"Fontenelle-en-Brie"
"02348";"Glennes"
"02434";"Lizy"
"02475";"Menneville"
"02479";"Merval"
"02597";"Perles"
"02630";"Quessy"
"02646";"Révillon"
"02669";"Saint-Agnan"
"02695";"Saint-Thibaut"
"02733";"Suzy"
"02771";"Vauxcéré"
"02811";"Villers-en-Prayères"
"02825";"Vouël"
"03123";"Givarlais"
"03153";"Louroux-Hodement"
"03318";"Vitray"
"04003";"Albiosc"
"04010";"Argens"
"04011";"Astoin"
"04029";"Blégiers"
"04052";"Châteauneuf-lès-Moustiers"
"04082";"Esparron-la-Bâtie"
"04100";"Larche"
"04105";"Lincel"
"04131";"Montpezat"
"04153";"Le Poil"
"04165";"Reynier"
"04198";"Saint-Vincent-les-Forts"
"05005";"Antonaves"
"05020";"Bénévent-et-Charbillac"
"05034";"Châteauneuf-de-Chabre"
"05067";"Les Infournas"
"05088";"Montmorin"
"05120";"Ristolas"
"05125";"Romette"
"05150";"Sainte-Marie"
"07016";"Asperjoc"
"07043";"Brahic"
"07046";"Casteljau"
"07057";"Chassagnes"
"07135";"Laval-d'Aurelle"
"07164";"Naves"
"07246";"Saint-Jean-de-Pourcharesse"
"07256";"Saint-Julien-Labrousse"
"08009";"Amblimont"
"08012";"Andevanne"
"08042";"Balaives-et-Butz"
"08050";"Barricourt"
"08051";"Bay"
"08068";"Blaise"
"08072";"Bosseval-et-Briancourt"
"08079";"Boutancourt"
"08112";"Châtillon-sur-Bar"
"08114";"Chéhéry"
"08152";"Élan"
"08177";"Foulzy"
"08213";"La Hardoye"
"08258";"Logny-lès-Chaumont"
"08265";"Mainbresson"
"08266";"Mainbressy"
"08267";"Mairy"
"08285";"Meillier-Fontaine"
"08337";"Pargny-Resson"
"08345";"Primat"
"08359";"Rémonville"
"08371";"Rubécourt-et-Lamécourt"
"08443";"Terron-sur-Aisne"
"08475";"Villers-Cernay"
"08493";"Vrizy"
"08495";"Wadimont"
"09028";"Aulos"
"09036";"Banat"
"09135";"Goulier"
"09286";"Sem"
"09302";"Suc-et-Sentenac"
"09304";"Suzan"
"09317";"Uchentein"
"10036";"Beauvoir-sur-Sarce"
"10277";"Palis"
"10311";"Quincey"
"10415";"Villemaur-sur-Vanne"
"11050";"Brenac"
"11097";"Conilhac-de-la-Montagne"
"11171";"Gueytes-et-Labastide"
"11298";"Pradelles-en-Val"
"11329";"Rouvenac"
"11349";"Saint-Just-de-Bélengard"
"12014";"Aurelle-Verlac"
"12040";"Buzeins"
"12081";"Coussergues"
"12087";"Cruéjouls"
"12114";"Grand-Vabre"
"12123";"Lapanouse"
"12126";"Lavernhe"
"12132";"Loupiac"
"12173";"Noailhac"
"12196";"Recoules-Prévinquières"
"12218";"Saint-Cyprien-sur-Dourdou"
"12245";"Saint-Salvadou"
"12271";"Sévérac-l'Église"
"12285";"Vabre-Tizac"
"13055";"Marseille"
"14002";"Acqueville"
"14004";"Aignerville"
"14013";"Angoville"
"14028";"Auquainville"
"14029";"Les Autels-Saint-Bazile"
"14031";"Les Authieux-Papion"
"14051";"Beaufour"
"14052";"Beaulieu"
"14056";"Bauquay"
"14058";"Bellou"
"14065";"Bernières-le-Patry"
"14073";"La Bigne"
"14074";"Billy"
"14081";"Boissey"
"14099";"Bretteville-sur-Dives"
"14105";"La Brévière"
"14109";"Brouay"
"14112";"Bully"
"14113";"Burcy"
"14114";"Bures-sur-Dives"
"14115";"Bures-les-Monts"
"14128";"Campandré-Valcongrain"
"14129";"Campeaux"
"14139";"Carville"
"14142";"Castilly"
"14144";"Caumont-sur-Orne"
"14148";"Cerqueux"
"14151";"Champ-du-Boult"
"14152";"La Chapelle-Engerbold"
"14153";"La Chapelle-Haute-Grue"
"14154";"La Chapelle-Yvon"
"14155";"Cheffreville-Tonnencourt"
"14156";"Chênedollé"
"14157";"Cheux"
"14158";"Chicheboville"
"14164";"Clinchamps-sur-Orne"
"14176";"Conteville"
"14187";"Coulonces"
"14188";"Coulvain"
"14189";"Coupesarte"
"14192";"Courson"
"14201";"Crèvecour-en-Auge"
"14208";"Croissanville"
"14210";"La Croupte"
"14213";"Curcy-sur-Orne"
"14217";"Dampierre"
"14219";"Danvou-la-Ferrière"
"14222";"Le Désert"
"14235";"Écrammeville"
"14247";"Escures-sur-Favières"
"14253";"Estry"
"14255";"Étouvy"
"14259";"Familly"
"14264";"La Ferrière-Harang"
"14265";"Fervaques"
"14267";"Feuguerolles-sur-Seulles"
"14268";"Fierville-Bray"
"14279";"Fontenermont"
"14294";"Garcelles-Secqueville"
"14296";"Le Gast"
"14313";"Grandchamp-le-Château"
"14317";"La Graverie"
"14321";"Grisy"
"14324";"Hamars"
"14330";"Heurtevent"
"14331";"Hiéville"
"14339";"Hubert-Folie"
"14340";"Huppain"
"14350";"La Lande-sur-Drôme"
"14356";"Lasson"
"14359";"Lécaude"
"14361";"Lénault"
"14372";"Livry"
"14373";"Le Locheur"
"14376";"Longraye"
"14382";"Louvières"
"14386";"Magny-la-Campagne"
"14387";"Magny-le-Freule"
"14388";"Maisoncelles-la-Jourdan"
"14395";"Malloué"
"14413";"Le Mesnil-Auzouf"
"14414";"Le Mesnil-Bacley"
"14415";"Le Mesnil-Benoist"
"14416";"Le Mesnil-Caussois"
"14417";"Mesnil-Clinchamps"
"14418";"Le Mesnil-Durand"
"14420";"Le Mesnil-Germain"
"14422";"Le Mesnil-Mauger"
"14423";"Le Mesnil-Patry"
"14429";"Meulles"
"14432";"Missy"
"14433";"Mittois"
"14440";"Montamy"
"14441";"Mont-Bertrand"
"14442";"Montchamp"
"14443";"Montchauvet"
"14444";"Monteille"
"14450";"Montviette"
"14459";"Les Moutiers-Hubert"
"14462";"Neuilly-la-Forêt"
"14471";"Notre-Dame-de-Courson"
"14472";"L'Oudon"
"14477";"Ondefontaine"
"14479";"Orbois"
"14481";"Les Oubeaux"
"14489";"Ouville-la-Bien-Tournée"
"14493";"Percy-en-Auge"
"14503";"Pierres"
"14505";"Placy"
"14508";"Le Plessis-Grimoult"
"14517";"Poussy-la-Campagne"
"14518";"Préaux-Saint-Sébastien"
"14521";"Presles"
"14523";"Proussy"
"14525";"Putot-en-Bessin"
"14532";"Le Reculey"
"14537";"Robehomme"
"14539";"La Rocque"
"14544";"Roucamps"
"14545";"Roullours"
"14549";"Rully"
"14551";"Russy"
"14560";"Saint-Aubin-Lébizay"
"14564";"Saint-Charles-de-Percy"
"14568";"Sainte-Croix-Grand-Tonne"
"14573";"Saint-Denis-Maisoncelles"
"14580";"Saint-Georges-en-Auge"
"14581";"Saint-Germain-d'Ectot"
"14583";"Saint-Germain-de-Montgommery"
"14584";"Saint-Germain-de-Tallevende-la-Lande-Vaumont"
"14585";"Saint-Germain-du-Crioult"
"14596";"Saint-Jean-des-Essartiers"
"14597";"Saint-Jean-le-Blanc"
"14599";"Saint-Julien-de-Mailloc"
"14600";"Saint-Julien-le-Faucon"
"14608";"Saint-Loup-de-Fribois"
"14611";"Saint-Manvieu-Bocage"
"14615";"Sainte-Marguerite-des-Loges"
"14616";"Sainte-Marguerite-de-Viette"
"14618";"Sainte-Marie-Laumont"
"14628";"Saint-Martin-de-Sallen"
"14629";"Saint-Martin-des-Besaces"
"14632";"Saint-Martin-Don"
"14633";"Saint-Martin-du-Mesnil-Oury"
"14634";"Saint-Michel-de-Livet"
"14636";"Saint-Ouen-des-Besaces"
"14638";"Saint-Ouen-le-Houx"
"14642";"Saint-Paul-de-Courtonne"
"14647";"Saint-Pierre-de-Mailloc"
"14653";"Saint-Pierre-la-Vieille"
"14655";"Saint-Pierre-Tarentaine"
"14662";"Saint-Vigor-des-Mézerets"
"14670";"Secqueville-en-Bessin"
"14671";"Sept-Frères"
"14673";"Sermentot"
"14683";"Tailleville"
"14686";"Le Theil-Bocage"
"14688";"Thiéville"
"14691";"Tilly-la-Campagne"
"14693";"Tordouet"
"14695";"Torteval-Quesnay"
"14696";"Tortisambert"
"14702";"Tournay-sur-Odon"
"14703";"Tournebu"
"14704";"Le Tourneur"
"14717";"Truttemer-le-Grand"
"14718";"Truttemer-le-Petit"
"14722";"La Vacquerie"
"14725";"Vasouy"
"14727";"Vaubadon"
"14729";"Vaudeloges"
"14730";"Vaudry"
"14746";"Viessoix"
"14749";"Vieux-Fumé"
"14750";"Vieux-Pont-en-Auge"
"14763";"Vouilly"
"15031";"Celles"
"15035";"Chalinargues"
"15044";"Chastel-sur-Murat"
"15047";"Chavagnac"
"15062";"Drignac"
"15068";"Faverolles"
"15071";"Fournoulès"
"15099";"Lavastrie"
"15109";"Loupiac"
"15115";"Marchal"
"15136";"Mourjou"
"15145";"Oradour"
"15150";"Pers"
"15171";"Sainte-Anastasie"
"15177";"Saint-Christophe-les-Gorges"
"15195";"Saint-Just"
"15197";"Saint-Marc"
"15210";"Saint-Rémy-de-Salers"
"15227";"Sériers"
"15239";"Tourniac"
"16010";"Ambleville"
"16017";"Anville"
"16051";"Bonneville"
"16092";"Chavenat"
"16126";"Embourie"
"16129";"Éraville"
"16149";"Genouillac"
"16156";"Gourville"
"16172";"Juillaguet"
"16179";"Lamérac"
"16202";"Mainxe"
"16214";"Mazières"
"16228";"Montigné"
"16247";"Nonaville"
"16259";"La Péruse"
"16262";"Plaizac"
"16278";"Richemont"
"16313";"Saint-Estèphe"
"16322";"Saint-Germain-de-Confolens"
"16327";"Saint-Hilaire"
"16344";"Saint-Projet-Saint-Constant"
"16351";"Saint-Simeux"
"16371";"Sonneville"
"16376";"Suris"
"16386";"Touzac"
"16391";"Tuzie"
"16410";"Villegats"
"16411";"Villejésus"
"16417";"Viville"
"17001";"Agonnay"
"17040";"La Benâte"
"17090";"Chardes"
"17123";"Coulonge-sur-Charente"
"17144";"Ébéon"
"17169";"La Frédière"
"17189";"Hiers-Brouage"
"17272";"Péré"
"17456";"Vallet"
"19032";"Brivezac"
"19127";"Marc-la-Tour"
"19183";"Saint-Bazile-de-la-Roche"
"19185";"Saint-Bonnet-Avalouze"
"19197";"Saint-Dézery"
"19267";"La Tourette"
"19282";"Venarsal"
"21073";"Bierre-lès-Semur"
"21213";"Crimolois"
"21443";"Mornay"
"21453";"Neuvelle-lès-Grancey"
"21486";"Pluvault"
"21507";"Premières"
"21621";"Tart-l'Abbaye"
"21697";"La Villeneuve-sur-Vingeanne"
"22007";"Binic"
"22038";"Châtelaudren"
"22051";"Dolo"
"22058";"La Ferrière"
"22066";"Le Gouray"
"22078";"Hengoat"
"22080";"L'Hermitage-Lorge"
"22100";"Langast"
"22102";"Langourla"
"22123";"Léhon"
"22151";"Meslin"
"22154";"Morieux"
"22167";"Perret"
"22173";"Planguenoual"
"22191";"Plessala"
"22192";"Plessix-Balisson"
"22247";"Pommerit-Jaudy"
"22253";"Pouldouran"
"22290";"Saint-Gelven"
"22292";"Saint-Gilles-du-Mené"
"22297";"Saint-Gouéno"
"22298";"Saint-Guen"
"22303";"Saint-Jacut-du-Mené"
"22357";"Trégon"
"23094";"Gouzougnat"
"23126";"Masbaraud-Mérignat"
"23153";"Pigerolles"
"23161";"Rimondeix"
"24013";"Atur"
"24033";"Beaussac"
"24044";"Blis-et-Born"
"24047";"La Boissière-d'Ans"
"24065";"Breuilh"
"24072";"Cadouin"
"24079";"Cantillac"
"24089";"Cazoulès"
"24092";"Cendrieux"
"24093";"Cercles"
"24099";"Champeaux-et-la-Chapelle-Pommier"
"24103";"Le Change"
"24112";"La Chapelle-Péchaud"
"24118";"Chenaud"
"24127";"Coly"
"24166";"Eyliac"
"24170";"Eyvirat"
"24198";"La Gonterie-Boulouneix"
"24201";"Grand-Castang"
"24203";"Les Graulges"
"24204";"Grèzes"
"24219";"Labouquerie"
"24233";"Laveyssière"
"24235";"Léguillac-de-Cercles"
"24239";"Ligueux"
"24249";"Manaurie"
"24258";"Marsaneix"
"24270";"Milhac-d'Auberoche"
"24283";"Monsec"
"24310";"Nojals-et-Clotte"
"24314";"Orliaguet"
"24315";"Paleyrac"
"24333";"Ponteyraud"
"24343";"Puymangou"
"24344";"Puyrenier"
"24363";"Saint-Amand-de-Belvès"
"24369";"Saint-Antoine-d'Auberoche"
"24387";"Saint-Cernin-de-Reillac"
"24389";"Saint-Cirq"
"24391";"Saint-Crépin-de-Richemont"
"24402";"Sainte-Eulalie-d'Eymet"
"24427";"Saint-Jean-d'Eyraud"
"24431";"Saint-Julien-de-Crempse"
"24433";"Saint-Julien-d'Eymet"
"24435";"Saint-Laurent-des-Bâtons"
"24439";"Saint-Laurent-sur-Manoire"
"24447";"Sainte-Marie-de-Chignac"
"24467";"Saint-Michel-de-Rivière"
"24469";"Saint-Michel-l'Écluse-et-Léparon"
"24475";"Saint-Pantaly-d'Ans"
"24497";"Sainte-Sabine-Born"
"24503";"Saint-Sulpice-de-Mareuil"
"24530";"Sencenac-Puy-de-Fourches"
"24561";"Valeuil"
"24579";"Vieux-Mareuil"
"25010";"Alaise"
"25034";"Auxon-Dessous"
"25064";"Blanchefontaine"
"25076";"Bonnevaux-le-Prieuré"
"25140";"Chaux-lès-Clerval"
"25144";"Chazelot"
"25146";"Chazoy"
"25165";"Cordiron"
"25167";"Cottier"
"25168";"Coulans-sur-Lizon"
"25205";"Doulaize"
"25272";"Glainans"
"25291";"Granges-de-Vienney"
"25337";"Lièvremont"
"25353";"Lusans"
"25358";"Maisières-Notre-Dame"
"25363";"Mambouhans"
"25396";"Montferney"
"25407";"Montursin"
"25409";"Morchamps"
"25484";"Refranche"
"25509";"Routelle"
"25543";"Servigney"
"25568";"Tournedoz"
"25581";"Valentin"
"25606";"Vernois-le-Fol"
"26184";"Miribel"
"26187";"Molières-Glandaz"
"26297";"Saint-Bonnet-de-Valclérieux"
"26354";"Treschenu-Creyers"
"26366";"Veaunes"
"27007";"Ajou"
"27024";"Le Roncenay-Authenay"
"27041";"La Barre-en-Ouche"
"27058";"Les Trois Lacs"
"27060";"Berthenonville"
"27088";"Bosc-Renoult-en-Ouche"
"27092";"Bosguérard-de-Marcouville"
"27093";"Bosnormand"
"27121";"Bus-Saint-Rémy"
"27122";"Cahaignes"
"27128";"Cantiers"
"27131";"Carsix"
"27143";"Champignolles"
"27159";"Cintray"
"27160";"Civières"
"27166";"Condé-sur-Iton"
"27175";"Corny"
"27195";"Dame-Marie"
"27197";"Dampsmesnil"
"27211";"Écardenville-sur-Eure"
"27221";"Épinay"
"27250";"Fontaine-Heudebourg"
"27253";"Fontaine-la-Soret"
"27255";"Fontenay-en-Vexin"
"27257";"Forêt-la-Folie"
"27262";"Fourges"
"27264";"Fours-en-Vexin"
"27265";"Francheville"
"27270";"Fresne-l'Archevêque"
"27274";"Gaillardbois-Cressenville"
"27283";"Gisay-la-Coudre"
"27292";"Gouttières"
"27293";"Gouville"
"27296";"Granchain"
"27297";"Grandvilliers"
"27305";"La Guéroulde"
"27308";"Guitry"
"27344";"Houlbec-près-le-Gros-Theil"
"27356";"Jonquerets-de-Livet"
"27362";"Landepéreuse"
"27387";"Manthelon"
"27416";"Buis-sur-Damville"
"27449";"Panilleuse"
"27452";"Perriers-la-Campagne"
"27479";"Provemont"
"27484";"Quessigny"
"27491";"Roman"
"27499";"La Roussière"
"27503";"Le Sacq"
"27506";"Saint-Amand-des-Hautes-Terres"
"27510";"Saint-Aquilin-de-Pacy"
"27513";"Saint-Aubin-des-Hayes"
"27515";"Saint-Aubin-le-Guichard"
"27519";"Sainte-Barbe-sur-Gaillon"
"27523";"Saint-Clair-d'Arcey"
"27526";"Sainte-Croix-sur-Aizier"
"27566";"Sainte-Marguerite-en-Ouche"
"27573";"Saint-Nicolas-d'Attez"
"27581";"Saint-Ouen-des-Champs"
"27596";"Saint-Pierre-du-Mesnil"
"27600";"Saint-Quentin-des-Isles"
"27607";"Saint-Thurien"
"27628";"Thevray"
"27648";"Tostes"
"27651";"Tournedos-sur-Seine"
"27653";"Tourny"
"27687";"Vieux-Villez"
"28002";"Allaines-Mervilliers"
"28011";"Armenonville-les-Gâtineaux"
"28020";"Baignolet"
"28043";"Blévy"
"28063";"Brunelles"
"28112";"Coudreceau"
"28125";"Dampierre-sur-Blévy"
"28145";"Fains-la-Folie"
"28165";"Frétigny"
"28174";"Gâtelles"
"28179";"Germignonville"
"28228";"Mainterne"
"28238";"Marville-les-Bois"
"28258";"Montainville"
"28307";"Prouais"
"28311";"Le Puiset"
"28320";"Rouvray-Saint-Florentin"
"28338";"Saint-Germain-la-Gâtine"
"28361";"Bleury-Saint-Symphorien"
"28376";"Soizé"
"28381";"Tardais"
"28399";"Vacheresses-les-Basses"
"28412";"Villeau"
"28413";"La Ville-aux-Nonains"
"28416";"Villeneuve-Saint-Nicolas"
"28420";"Vitray-sous-Brézolles"
"29052";"Esquibien"
"29083";"Île-de-Sein"
"29084";"Île-Molène"
"29092";"Kernével"
"29127";"Loc-Eguiner-Saint-Thégonnec"
"29129";"Locmaria-Berrien"
"29149";"Milizac"
"29203";"Plounéour-Trez"
"29219";"Le Ponthou"
"31016";"Argut-Dessus"
"31154";"Couledoux"
"31298";"Lez"
"31307";"Lunax"
"32011";"Artiguedieu"
"32074";"Cannet"
"32168";"Labarrère"
"32179";"Lagraulas"
"33107";"Castillon-de-Castets"
"33267";"Marcillac"
"33371";"Saint-Antoine"
"33495";"Salignac"
"34330";"Vérargues"
"35011";"Baillé"
"35048";"Campel"
"35053";"Chancé"
"35074";"Chaumeré"
"35083";"Coglès"
"35100";"Dompierre-du-Chemin"
"35113";"La Fontenelle"
"35147";"Lanhélin"
"35209";"Ossé"
"35254";"Saint-Aubin-du-Pavail"
"35267";"Saint-Étienne-en-Coglès"
"35269";"Saint-Georges-de-Chesné"
"35293";"Saint-Marc-sur-Couesnon"
"35301";"Saint-M'Hervon"
"35303";"Saint-Ouen-la-Rouërie"
"35323";"La Selle-en-Coglès"
"35341";"Tremblay"
"35344";"Tressé"
"35348";"Vendel"
"36039";"Chantôme"
"36072";"Faverolles-en-Berry"
"36151";"Parpeçay"
"36183";"Sainte-Cécile"
"36201";"Saint-Martin-de-Lamps"
"36245";"Villers-les-Ormes"
"37102";"Les Essards"
"37120";"Ingrandes-de-Touraine"
"37135";"Louestault"
"37209";"Saint-Bauld"
"37227";"Saint-Michel-sur-Loire"
"38014";"Arandon"
"38016";"Arzay"
"38021";"Autrans"
"38025";"Balbins"
"38028";"La Bâtie-Divisin"
"38121";"Commelle"
"38125";"Cordéac"
"38145";"Dionay"
"38165";"Fitilieu"
"38262";"Morêtel-de-Mailles"
"38274";"Nantoin"
"38302";"Le Périer"
"38305";"Le Pin"
"38306";"Pinsot"
"38367";"Saint-Bernard"
"38435";"Saint-Pancrasse"
"38534";"Vénosc"
"38541";"Veyrins-Thuellin"
"39005";"Abergement-Saint-Jean"
"39012";"Antorpe"
"39044";"Beauvoisin"
"39064";"Bonnaud"
"39075";"Bréry"
"39115";"Château-des-Prés"
"39186";"Cuttura"
"39195";"Dessia"
"39213";"Esserval-Combe"
"39243";"Froideville"
"39256";"Goux"
"39264";"Grusse"
"39294";"Lézat"
"39340";"Molpré"
"39347";"Montagna-le-Templier"
"39369";"Morval"
"39371";"La Mouille"
"39383";"Nenon"
"39414";"Le Petit-Mercey"
"39417";"Les Piards"
"39438";"Ponthoux"
"39440";"Pratz"
"39442";"Prénovel"
"39482";"Saint-Germain-lès-Arlay"
"39542";"Valfin-sur-Valouse"
"39549";"Vercia"
"39562";"Villard-sur-Bienne"
"39566";"Villeneuve-lès-Charnod"
"39578";"Viremont"
"40009";"Arjuzanx"
"40048";"Boos"
"40107";"Garrosse"
"40302";"Sindères"
"41005";"Arville"
"41011";"Baigneaux"
"41015";"Beauvilliers"
"41021";"La Bosse"
"41023";"Bourré"
"41033";"Chambon-sur-Cisse"
"41056";"La Colombe"
"41064";"Coulanges"
"41076";"Écoman"
"41082";"Feings"
"41092";"Fougères-sur-Bièvre"
"41133";"Membrolles"
"41165";"Oigny"
"41169";"Orchaise"
"41170";"Ouchamps"
"41183";"Prénouvellon"
"41197";"Saint-Agil"
"41202";"Saint-Avit"
"41210";"Sainte-Gemmes"
"41227";"Saint-Quentin-lès-Troo"
"41240";"Seillac"
"41244";"Semerville"
"41257";"Thenay"
"41263";"Tréhet"
"41264";"Tripleville"
"41270";"Verdes"
"41272";"Veuves"
"42004";"Amions"
"42080";"La Cula"
"42082";"Dancé"
"42114";"Jeansagnière"
"42190";"Rochetaillée"
"42250";"Saint-Just-sur-Loire"
"42291";"Saint-Thurin"
"43176";"Saint-Didier-d'Allier"
"43255";"Vazeilles-près-Saugues"
"44004";"Anetz"
"44008";"Barbechat"
"44011";"Belligné"
"44017";"Bonnouvre"
"44034";"La Chapelle-Saint-Sauveur"
"44040";"Chéméré"
"44059";"Fresnay-en-Retz"
"44093";"Maumusson"
"44147";"La Rouxière"
"44181";"Saint-Même-le-Tenu"
"44191";"Saint-Sulpice-des-Landes"
"44219";"Vritz"
"44225";"Freigné"
"45003";"Allainville-en-Beauce"
"45007";"Arrabloy"
"45048";"Bouzonville-en-Beauce"
"45057";"Labrosse"
"45090";"Chemault"
"45106";"Coudray"
"45140";"Faronville"
"45163";"Guignonville"
"45172";"Izy"
"45190";"Mainvilliers"
"45192";"Manchecourt"
"45221";"Nangeville"
"45236";"Orveau-Bellesauve"
"45295";"Saint-Péravy-Épreux"
"45304";"Sébouville"
"45318";"Teillay-le-Gaudin"
"45319";"Teillay-Saint-Benoît"
"45349";"Yèvre-le-Châtel"
"46014";"Bagat-en-Quercy"
"46019";"Beaumat"
"46048";"Calviac"
"46067";"Cazillac"
"46071";"Comiac"
"46077";"Cours"
"46099";"Fargues"
"46110";"Fontanes-du-Causse"
"46141";"Lacam-d'Ourcet"
"46150";"Lamativie"
"46158";"Lascabanes"
"46248";"Sainte-Alauzie"
"46274";"Saint-Laurent-Lolmie"
"46275";"Saint-Martin-de-Vers"
"46278";"Saint-Matré"
"46285";"Saint-Pantaléon"
"46287";"Saint-Paul-de-Loubressac"
"46291";"Saint-Sauveur-la-Vallée"
"46298";"Sarrazac"
"46300";"Saux"
"46325";"Vaillac"
"46327";"Valroufié"
"46331";"Vers"
"47116";"Gueyze"
"47149";"Lisse"
"47166";"Meylan"
"47268";"Saint-Pierre-de-Caubel"
"47322";"Villeneuve-de-Mézin"
"48011";"Auxillac"
"48014";"Bagnols-les-Bains"
"48023";"Belvezet"
"48035";"La Capelle"
"48040";"Chasseradès"
"48047";"La Chaze-de-Peyre"
"48049";"Chirac"
"48057";"Estables"
"48060";"Fau-de-Peyre"
"48062";"Fontanes"
"48066";"Fraissinet-de-Lozère"
"48076";"Javols"
"48078";"Lachamp"
"48084";"Laval-Atger"
"48093";"Mas-d'Orcières"
"48101";"Montbrun"
"48102";"Montjézieu"
"48120";"Prinsuéjols"
"48122";"Quézac"
"48125";"Le Recoux"
"48133";"Saint-Amans"
"48134";"Saint-Andéol-de-Clerguemort"
"48142";"Sainte-Colombe-de-Peyre"
"48154";"Saint-Georges-de-Lévéjac"
"48162";"Saint-Julien-d'Arpaon"
"48164";"Saint-Julien-du-Tournel"
"48172";"Saint-Maurice-de-Ventalon"
"48180";"Saint-Rome-de-Dolan"
"48183";"Saint-Sauveur-de-Peyre"
"48184";"Saint-Symphorien"
"48189";"Servières"
"48195";"Les Vignes"
"48196";"Le Villard"
"48197";"La Villedieu"
"49001";"Les Alleuds"
"49004";"Andard"
"49005";"Andigné"
"49006";"Andrezé"
"49013";"Auverse"
"49014";"Aviré"
"49016";"Bagneux"
"49019";"Bauné"
"49024";"Beausse"
"49025";"Beauvau"
"49031";"Bocé"
"49032";"La Bohalle"
"49033";"La Boissière-sur-Èvre"
"49034";"Botz-en-Mauges"
"49037";"Le Bourg-d'Iré"
"49039";"Bourgneuf-en-Mauges"
"49040";"Bouzillé"
"49042";"Brain-sur-l'Authion"
"49043";"Brain-sur-Longuenée"
"49044";"Breil"
"49046";"Brézé"
"49047";"Brigné"
"49049";"Brion"
"49051";"Brissarthe"
"49052";"Broc"
"49059";"Les Cerqueux-sous-Passavant"
"49062";"Chalonnes-sous-le-Lude"
"49065";"Champigné"
"49066";"Champ-sur-Layon"
"49071";"Chanzeaux"
"49072";"La Chapelle-du-Genêt"
"49073";"La Chapelle-Hullin"
"49074";"La Chapelle-Rousselin"
"49075";"La Chapelle-Saint-Florent"
"49077";"La Chapelle-sur-Oudon"
"49078";"Charcé-Saint-Ellier-sur-Aubance"
"49079";"Chartrené"
"49081";"Châtelais"
"49083";"Chaudron-en-Mauges"
"49084";"Chaumont-d'Anjou"
"49085";"La Chaussaire"
"49087";"Chavaignes"
"49088";"Chazé-Henry"
"49091";"Chemellier"
"49093";"Chemiré-sur-Sarthe"
"49094";"Chênehutte-Trèves-Cunault"
"49095";"Chenillé-Changé"
"49096";"Cherré"
"49097";"Cheviré-le-Rouge"
"49098";"Chigné"
"49101";"Clefs"
"49103";"Combrée"
"49104";"Concourson-sur-Layon"
"49105";"Contigné"
"49106";"Corné"
"49108";"La Cornuaille"
"49111";"Cossé-d'Anjou"
"49115";"Coutures"
"49116";"Cuon"
"49117";"La Daguenière"
"49118";"Dampierre-sur-Loire"
"49119";"Daumeray"
"49122";"Dénezé-sous-le-Lude"
"49126";"Drain"
"49128";"Échemiré"
"49133";"Faveraye-Mâchelles"
"49134";"Faye-d'Anjou"
"49136";"La Ferrière-de-Flée"
"49137";"Le Fief-Sauvin"
"49139";"Fontaine-Milon"
"49141";"Forges"
"49142";"La Fosse-de-Tigné"
"49143";"Fougeré"
"49145";"Le Fuilet"
"49147";"Gée"
"49148";"Gené"
"49149";"Gennes"
"49150";"Genneteil"
"49151";"Gesté"
"49153";"Valanjou"
"49154";"Grézillé"
"49156";"Grugé-l'Hôpital"
"49157";"Le Guédeniau"
"49158";"L'Hôtellerie-de-Flée"
"49159";"Huillé"
"49162";"Jallais"
"49165";"La Jubaudière"
"49168";"Jumelles"
"49169";"La Jumellière"
"49172";"Landemont"
"49173";"Lasse"
"49175";"Linières-Bouton"
"49177";"Liré"
"49179";"Le Longeron"
"49181";"Louerre"
"49184";"Louvaines"
"49185";"Lué-en-Baugeois"
"49186";"Luigné"
"49187";"Marans"
"49189";"Marigné"
"49190";"Le Marillais"
"49191";"Martigné-Briand"
"49196";"La Meignanne"
"49197";"Meigné-le-Vicomte"
"49198";"Meigné"
"49199";"Melay"
"49202";"Méon"
"49204";"Le Mesnil-en-Vallée"
"49206";"Montfaucon-Montigné"
"49207";"Montfort"
"49208";"Montguillon"
"49212";"Montjean-sur-Loire"
"49213";"Montpollin"
"49225";"Neuvy-en-Mauges"
"49226";"Noëllet"
"49227";"Notre-Dame-d'Allençon"
"49229";"Noyant-la-Gravoyère"
"49230";"Noyant-la-Plaine"
"49232";"Nueil-sur-Layon"
"49233";"Nyoiseau"
"49234";"Parçay-les-Pins"
"49238";"Pellouailles-les-Vignes"
"49239";"Le Pin-en-Mauges"
"49242";"Le Plessis-Macé"
"49243";"La Poitevinière"
"49245";"Pontigné"
"49249";"La Pouëze"
"49250";"La Prévière"
"49251";"Pruillé"
"49252";"Le Puiset-Doré"
"49254";"Querré"
"49256";"Rablay-sur-Layon"
"49258";"La Renaudière"
"49263";"Roussay"
"49264";"Saint-André-de-la-Marche"
"49265";"Saint-Aubin-de-Luigné"
"49268";"Sainte-Christine"
"49270";"Saint-Christophe-la-Couperie"
"49273";"Saint-Crespin-sur-Moine"
"49274";"Saint-Cyr-en-Bourg"
"49276";"Saint-Florent-le-Vieil"
"49277";"Sainte-Gemmes-d'Andigné"
"49279";"Saint-Georges-des-Sept-Voies"
"49280";"Saint-Georges-du-Bois"
"49281";"Saint-Georges-des-Gardes"
"49282";"Saint-Georges-sur-Layon"
"49285";"Saint-Germain-sur-Moine"
"49286";"Saint-Hilaire-du-Bois"
"49287";"Saint-Hilaire-Saint-Florent"
"49289";"Saint-Jean-de-Linières"
"49290";"Saint-Jean-des-Mauvrets"
"49293";"Saint-Lambert-des-Levées"
"49295";"Saint-Laurent-de-la-Plaine"
"49296";"Saint-Laurent-des-Autels"
"49297";"Saint-Laurent-du-Mottay"
"49300";"Saint-Lézin"
"49303";"Saint-Martin-d'Arcé"
"49304";"Saint-Martin-de-la-Place"
"49305";"Saint-Martin-du-Bois"
"49309";"Saint-Michel-et-Chanveaux"
"49312";"Saint-Philbert-en-Mauges"
"49313";"Saint-Pierre-Montlimart"
"49314";"Saint-Quentin-en-Mauges"
"49315";"Saint-Quentin-lès-Beaurepaire"
"49316";"Saint-Rémy-en-Mauges"
"49317";"Saint-Rémy-la-Varenne"
"49318";"Saint-Saturnin-sur-Loire"
"49319";"Saint-Sauveur-de-Flée"
"49320";"Saint-Sauveur-de-Landemont"
"49322";"Saint-Sulpice"
"49324";"La Salle-et-Chapelle-Aubry"
"49325";"La Salle-de-Vihiers"
"49327";"Saulgé-l'Hôpital"
"49335";"Sourdres"
"49337";"Soucelles"
"49342";"Tancoigné"
"49346";"Le Thoureil"
"49348";"Tigné"
"49349";"Tillières"
"49350";"Torfou"
"49351";"La Tourlandry"
"49354";"Le Tremblay"
"49356";"Trémont"
"49360";"La Varenne"
"49363";"Vauchrétien"
"49365";"Les Verchers-sur-Layon"
"49366";"Vergonnes"
"49372";"Le Vieil-Baugé"
"49375";"Villedieu-la-Blouère"
"49376";"Villemoisan"
"49379";"Le Voide"
"49380";"Vaulandry"
"49382";"Le Fresne-sur-Loire"
"50001";"Acqueville"
"50007";"Ancteville"
"50009";"Angey"
"50010";"Angoville-au-Plain"
"50014";"Anneville-sur-Mer"
"50018";"Argouges"
"50020";"Auderville"
"50035";"Baudreville"
"50037";"La Bazoge"
"50043";"Bellefontaine"
"50047";"La Beslière"
"50051";"Beuzeville-au-Plain"
"50053";"Les Biards"
"50056";"Bion"
"50057";"Biville"
"50061";"Boisroger"
"50063";"Bolleville"
"50073";"Branville-Hague"
"50075";"Brectouville"
"50080";"Brévands"
"50089";"Brucheville"
"50100";"Carnet"
"50103";"Carquebut"
"50107";"Catz"
"50113";"Chalandrey"
"50116";"Champcey"
"50119";"Les Champs-de-Losque"
"50123";"La Chapelle-en-Juger"
"50125";"Chasseguey"
"50127";"Chef-du-Pont"
"50128";"Le Chefresne"
"50131";"Chérencé-le-Roussel"
"50132";"Les Chéris"
"50133";"Chèvreville"
"50134";"Chevry"
"50136";"Coigny"
"50140";"Contrières"
"50154";"La Croix-Avranchin"
"50160";"Denneville"
"50163";"Digulleville"
"50170";"Écoquenéauville"
"50171";"Éculleville"
"50173";"Équeurdreville-Hainneville"
"50179";"Ferrières"
"50187";"Flottemanville-Hague"
"50189";"Fontenay"
"50191";"Foucarville"
"50202";"Giéville"
"50203";"La Glacerie"
"50204";"Glatigny"
"50213";"Gourfaleur"
"50220";"Gréville-Hague"
"50223";"Guéhébert"
"50224";"Guilberville"
"50242";"Herqueville"
"50244";"Hérenguerville"
"50245";"Heussé"
"50249";"Houesville"
"50254";"Husson"
"50255";"Hyenville"
"50257";"Jobourg"
"50280";"Lozon"
"50284";"Macey"
"50286";"La Mancellière"
"50287";"La Mancellière-sur-Vire"
"50293";"Martigny"
"50301";"Le Mesnil-Amand"
"50306";"Le Mesnil-Boufs"
"50308";"Le Mesnilbus"
"50309";"Le Mesnil-Drey"
"50313";"Le Mesnil-Herman"
"50316";"Le Mesnil-Opac"
"50318";"Le Mesnil-Rainfray"
"50320";"Le Mesnil-Rogues"
"50322";"Le Mesnil-Thébault"
"50323";"Le Mesnil-Tôve"
"50325";"Le Mesnil-Vigot"
"50329";"Milly"
"50330";"Mobecq"
"50337";"Montanel"
"50339";"Montchaton"
"50343";"Montgardon"
"50344";"Montgothier"
"50346";"Montigny"
"50348";"Montmartin-en-Graignes"
"50354";"Montsurvent"
"50355";"Montviron"
"50367";"Naftel"
"50377";"Noirpalu"
"50380";"Notre-Dame-d'Elle"
"50381";"Notre-Dame-du-Touchet"
"50385";"Omonville-la-Petite"
"50386";"Omonville-la-Rogue"
"50396";"Les Perques"
"50404";"Placy-Montaigu"
"50414";"Précorbin"
"50415";"Prétot-Sainte-Suzanne"
"50416";"Querqueville"
"50418";"Quettetot"
"50427";"Ravenoville"
"50434";"La Rochelle-Normande"
"50438";"La Ronde-Haye"
"50439";"Ronthon"
"50440";"Rouffigny"
"50441";"Rouxeville"
"50449";"Saint-Aubin-du-Perron"
"50458";"Saint-Côme-du-Mont"
"50460";"Sainte-Croix-Hague"
"50465";"Saint-Ébremond-de-Bonfossé"
"50470";"Saint-Georges-de-Bohon"
"50477";"Saint-Germain-des-Vaux"
"50485";"Saint-Hilaire-Petitville"
"50494";"Saint-Jean-du-Corail"
"50497";"Saint-Jores"
"50501";"Saint-Léger"
"50503";"Saint-Lô-d'Ourville"
"50508";"Sainte-Marie-du-Bois"
"50515";"Saint-Martin-de-Landelles"
"50516";"Saint-Martin-des-Champs"
"50520";"Saint-Martin-le-Hébert"
"50524";"Saint-Michel-de-la-Pierre"
"50534";"Saint-Pellerin"
"50544";"Saint-Rémy-des-Landes"
"50545";"Saint-Romphaire"
"50557";"Saint-Symphorien-des-Monts"
"50558";"Saint-Symphorien-le-Valois"
"50561";"Saint-Ursin"
"50573";"Servigny"
"50581";"Soulles"
"50583";"Sourdeval-les-Bois"
"50586";"Surville"
"50600";"Tonneville"
"50602";"Tourlaville"
"50605";"Trelly"
"50611";"Urville-Nacqueville"
"50614";"Le Valdécie"
"50620";"Vasteville"
"50622";"Vaudrimesnil"
"50623";"Vauville"
"50625";"Vengeons"
"50627";"Vergoncey"
"50630";"Vessey"
"50631";"Les Veys"
"50632";"Vezins"
"50635";"Vidouville"
"50636";"Vierville"
"50638";"Villechien"
"50640";"Villiers-le-Pré"
"50644";"Virey"
"50646";"Le Vrétot"
"51021";"Aulnay-aux-Planches"
"51024";"Aulnizeux"
"51064";"Bisseuil"
"51261";"Fresne-lès-Reims"
"51271";"Gionges"
"51331";"Louvois"
"51347";"Mareuil-sur-Ay"
"51383";"Morains"
"51405";"Normée"
"51411";"Oger"
"51494";"Sainte-Livière"
"51575";"Toulon-la-Montagne"
"51651";"Voipreux"
"51664";"Gernicourt"
"52010";"Anglus"
"52018";"Argentolles"
"52020";"Arnoncourt-sur-Apance"
"52032";"Avrainville"
"52036";"Balesmes-sur-Marne"
"52041";"Beaucharmoy"
"52049";"Biernes"
"52052";"Blaise"
"52054";"Blancheville"
"52068";"Braucourt"
"52071";"Bressoncourt"
"52073";"Breuil-sur-Marne"
"52077";"Broncourt"
"52078";"Brottes"
"52080";"Brouthières"
"52081";"Buchey"
"52100";"Champcourt"
"52111";"Charmoilles"
"52112";"Charmoy"
"52117";"Chatoillenot"
"52139";"Colombey-lès-Choiseul"
"52143";"Corgirnon"
"52144";"Corlée"
"52150";"Courcelles-Val-d'Esnoms"
"52153";"Créancey"
"52154";"Crenay"
"52176";"Donnemarie"
"52180";"Droyes"
"52186";"Épinant"
"52191";"Essey-les-Eaux"
"52192";"Essey-les-Ponts"
"52202";"Flornoy"
"52209";"Fresnoy-en-Bassigny"
"52210";"Frettes"
"52215";"Genrupt"
"52224";"Gonaincourt"
"52225";"Goncourt"
"52226";"Gourzon"
"52236";"Harméville"
"52238";"Harricourt"
"52239";"Heuilley-Cotton"
"52252";"Jorquenay"
"52259";"Laharmand"
"52261";"Lamargelle-aux-Bois"
"52262";"Lamothe-en-Blaisy"
"52263";"Landéville"
"52268";"Laneuville-au-Bois"
"52270";"Lannes"
"52279";"Lavilleneuve-aux-Fresnes"
"52281";"Lécourt"
"52283";"Lénizeul"
"52293";"Longeville-sur-la-Laines"
"52296";"Louze"
"52299";"Maconcourt"
"52309";"Marault"
"52314";"Marmesse"
"52317";"Maulain"
"52324";"Meuvy"
"52329";"Montesson"
"52333";"Montlandon"
"52339";"Montsaon"
"52340";"Montsaugeon"
"52345";"Musseau"
"52351";"Nijon"
"52361";"Odival"
"52368";"Ormoy-sur-Aube"
"52379";"Pautaines-Augeville"
"52381";"Percey-le-Pautel"
"52387";"Piépape"
"52389";"Pierrefontaines"
"52402";"Prangey"
"52404";"Pratz"
"52408";"Prez-sur-Marne"
"52409";"Provenchères-sur-Marne"
"52410";"Provenchères-sur-Meuse"
"52412";"Le Puits-des-Mèzes"
"52417";"Ravennefontaines"
"52418";"Récourt"
"52427";"Robert-Magny"
"52434";"Roôcourt-la-Côte"
"52435";"Rosoy-sur-Amance"
"52441";"Rozières"
"52451";"Saint-Martin-sur-la-Renne"
"52454";"Saint-Michel"
"52460";"Sarcicourt"
"52462";"Saucourt-sur-Rognon"
"52466";"Sauvage-Magny"
"52477";"Sommermont"
"52478";"Sommeville"
"52481";"Soulaincourt"
"52496";"Troischamps"
"52498";"Tronchoy"
"52501";"Valdelancourt"
"52508";"Vaux-la-Douce"
"52509";"Vaux-sous-Aubigny"
"52521";"Vieux-Moulins"
"52527";"Villars-Saint-Marcellin"
"52530";"Villemervry"
"52531";"Villemoron"
"52532";"Villiers-aux-Bois"
"52533";"Villiers-aux-Chênes"
"52537";"Villiers-sur-Marne"
"53004";"Ampoigné"
"53006";"Argenton-Notre-Dame"
"53014";"Azé"
"53032";"Blandouet"
"53044";"Brétignolles-le-Moulin"
"53050";"Chammes"
"53065";"Châtres-la-Forêt"
"53092";"Deux-Évailles"
"53095";"Épineux-le-Seguin"
"53138";"Longuefuye"
"53159";"Montourtier"
"53194";"Ruillé-le-Gravelais"
"53205";"Saint-Céneré"
"53207";"Saint-Christophe-du-Luat"
"53215";"Saint-Fort"
"53231";"Saint-Laurent-des-Mortiers"
"53239";"Saint-Martin-de-Connée"
"53241";"Saint-Michel-de-Feins"
"53244";"Saint-Ouën-des-Vallons"
"53252";"Saint-Samson"
"53254";"Saint-Sulpice"
"53274";"Vimarcé"
"54341";"Mance"
"54342";"Mancieulles"
"54506";"Sexey-les-Bois"
"55006";"Amblaincourt"
"55016";"Aulnois-sous-Vertuzey"
"55019";"Auzécourt"
"55020";"Auzéville-en-Argonne"
"55030";"Baudignécourt"
"55052";"Billy-sous-les-Côtes"
"55056";"Blercourt"
"55086";"Bulainville"
"55092";"Buxerulles"
"55112";"Chennevières"
"55126";"Corniéville"
"55131";"Cousances-au-Bois"
"55136";"Creuë"
"55151";"Deuxnouds-aux-Bois"
"55152";"Deuxnouds-devant-Beauzée"
"55161";"Domremy-aux-Bois"
"55164";"Douaumont"
"55176";"Érize-la-Grande"
"55190";"Fleury-sur-Aire"
"55203";"Génicourt-sous-Condé"
"55205";"Gérauvilliers"
"55213";"Gironville-sous-les-Côtes"
"55223";"Hadonville-lès-Lachaussée"
"55230";"Haraumont"
"55231";"Hargeville-sur-Chée"
"55233";"Hattonchâtel"
"55234";"Hattonville"
"55235";"Haucourt-la-Rigole"
"55238";"Haumont-lès-Lachaussée"
"55240";"Hautecourt-lès-Broville"
"55249";"Houdelaucourt-sur-Othain"
"55259";"Jubécourt"
"55273";"Lamarche-en-Woëvre"
"55283";"Lavignéville"
"55287";"Lempire-aux-Bois"
"55294";"Liouville"
"55305";"Louppy-sur-Chée"
"55308";"Loxéville"
"55309";"Luméville-en-Ornois"
"55314";"Malaumont"
"55318";"Les Marats"
"55319";"Marbotte"
"55342";"Mondrecourt"
"55390";"Oëy"
"55392";"Ollières"
"55393";"Ornel"
"55402";"Parois"
"55413";"Rampont"
"55418";"Réchicourt"
"55432";"Rignaucourt"
"55441";"Rosières-en-Blois"
"55451";"Saint-Agnant-sous-les-Côtes"
"55455";"Saint-Benoît-en-Woëvre"
"55478";"Savonnières-en-Woëvre"
"55480";"Senard"
"55483";"Senonville"
"55486";"Seraucourt"
"55491";"Sommaisne"
"55499";"Spada"
"55513";"Tourailles-sous-Bois"
"55538";"Vaux-la-Grande"
"55539";"Vaux-la-Petite"
"55542";"Véel"
"55548";"Vertuzey"
"55550";"Viéville-sous-les-Côtes"
"55558";"Ville-Issey"
"55585";"Woinville"
"56037";"La Chapelle-Caro"
"56038";"La Chapelle-Gaceline"
"56049";"Croixanvec"
"56059";"Les Forges"
"56064";"Glénac"
"56142";"Moustoir-Remungol"
"56150";"Noyalo"
"56183";"Quelneuc"
"56187";"Quily"
"56192";"Remungol"
"57023";"Angviller-lès-Bisping"
"57135";"Chémery"
"57157";"Coutures"
"57184";"Dornot"
"57279";"Guirlange"
"57285";"Halling-lès-Boulay"
"57378";"Landonvillers"
"57420";"Loutremange"
"57432";"Maizery"
"57495";"Narbéfontaine"
"57523";"Ogy"
"57585";"Ritzing"
"57722";"Vionville"
"58022";"Balleray"
"58091";"Cours"
"58100";"Dompierre-sur-Héry"
"58167";"Michaugues"
"59154";"Coudekerque-Village"
"59248";"Fort-Mardyck"
"59298";"Hellemmes-Lille"
"59355";"Lomme"
"59380";"Mardyck"
"59404";"Les Moëres"
"59540";"Saint-Pol-sur-Mer"
"59561";"Selvigny"
"60018";"Anserville"
"60038";"Bachivillers"
"60080";"Boissy-le-Bois"
"60096";"Boutavent"
"60246";"Fosseuse"
"60300";"Hardivillers-en-Vexin"
"60417";"Montherlant"
"60453";"La Neuville-d'Aumont"
"60455";"La Neuville-Garnier"
"60532";"Ressons-l'Abbaye"
"60694";"Villotran"
"61003";"Anceins"
"61004";"Antoigny"
"61009";"Aubry-en-Exmes"
"61016";"Autheuil"
"61019";"Avernes-sous-Exmes"
"61025";"La Baroche-sous-Lucé"
"61027";"Batilly"
"61031";"Beauchêne"
"61033";"Beaulandais"
"61045";"Bivilliers"
"61047";"Bocquencé"
"61057";"Le Bourg-Saint-Léonard"
"61058";"Bréel"
"61059";"Bresolettes"
"61065";"Bubertré"
"61073";"La Carneille"
"61083";"Chambois"
"61090";"Champs"
"61106";"Chênedouit"
"61109";"Clairefougère"
"61110";"La Cochère"
"61112";"Colonard-Corubert"
"61115";"Condeau"
"61125";"Coulonges-les-Sablons"
"61127";"La Courbe"
"61131";"Courménil"
"61135";"Couterne"
"61136";"Couvains"
"61144";"Dancé"
"61154";"Eperrais"
"61155";"L'Épinay-le-Comte"
"61157";"Exmes"
"61161";"Fel"
"61172";"Fontenai-les-Louvets"
"61173";"Fontenai-sur-Orne"
"61174";"La Forêt-Auvray"
"61177";"Frênes"
"61179";"La Fresnaye-au-Sauvage"
"61184";"Gauville"
"61185";"Gémages"
"61186";"Geneslay"
"61191";"Glos-la-Ferrière"
"61200";"Haleine"
"61201";"La Haute-Chapelle"
"61204";"L'Hermitière"
"61205";"Heugon"
"61220";"La Lande-sur-Eure"
"61223";"Larchamp"
"61226";"Lignerolles"
"61231";"Longuenoë"
"61235";"Loré"
"61236";"Loucé"
"61239";"Lucé"
"61246";"Mâle"
"61247";"Malétable"
"61249";"Marcei"
"61250";"Marchainville"
"61253";"Marmouillé"
"61270";"Ménil-Jean"
"61280";"Monceaux-au-Perche"
"61282";"Monnai"
"61285";"Montgaroult"
"61296";"Moulicent"
"61299";"Moussonvilliers"
"61305";"Neuilly-sur-Eure"
"61306";"Neuville-près-Sées"
"61311";"Normandel"
"61313";"Notre-Dame-du-Rocher"
"61315";"Omméel"
"61318";"Origny-le-Butin"
"61320";"Orville"
"61325";"La Perrière"
"61335";"La Poterie-au-Perche"
"61337";"Préaux-du-Perche"
"61338";"Prépotin"
"61340";"Rabodanges"
"61343";"Randonnai"
"61353";"Ronfeugerai"
"61354";"Les Rotours"
"61355";"Rouellé"
"61356";"La Rouge"
"61359";"Saint-Agnan-sur-Erre"
"61364";"Saint-Aubert-sur-Orne"
"61368";"Saint-Aubin-des-Grois"
"61377";"Saint-Cornier-des-Landes"
"61378";"Sainte-Croix-sur-Orne"
"61380";"Saint-Denis-de-Villenette"
"61383";"Saint-Didier-sous-Écouves"
"61403";"Saint-Hilaire-la-Gérard"
"61409";"Saint-Jean-de-la-Forêt"
"61410";"Saint-Jean-des-Bois"
"61417";"Saint-Loyer-des-Champs"
"61428";"Saint-Maurice-du-Désert"
"61431";"Saint-Michel-des-Andaines"
"61434";"Saint-Nicolas-des-Laitiers"
"61437";"Saint-Ouen-de-la-Cour"
"61441";"Saint-Ouen-sur-Maire"
"61449";"Saint-Pierre-la-Rivière"
"61455";"Saint-Siméon"
"61458";"Saint-Victor-de-Réno"
"61465";"Ségrie-Fontaine"
"61468";"Sentilly"
"61469";"Sept-Forges"
"61470";"Serans"
"61471";"Sérigny"
"61477";"Survie"
"61478";"Taillebois"
"61489";"Les Tourailles"
"61496";"Urou-et-Crennes"
"61504";"Villebadin"
"61506";"Villers-en-Ouche"
"61511";"Vrigny"
"61513";"Yvrandes"
"62110";"Berguette"
"62294";"Enguinegatte"
"62431";"Herbelles"
"62482";"Labuissière"
"62575";"Molinghem"
"63018";"Aulhat-Saint-Privat"
"63068";"Cellule"
"63078";"Chaméane"
"63133";"Dallet"
"63316";"Saint-Anastaise"
"64020";"Ance"
"64030";"Arance"
"64055";"Arros-d'Oloron"
"64163";"Camou-Mixe-Suhast"
"64164";"Capbis"
"64169";"Cassaber"
"64248";"Gouze"
"64278";"Ithorots-Olhaïby"
"64333";"Lendresse"
"64384";"Mifaget"
"64402";"Montestrucq"
"64497";"Sainte-Suzanne"
"64553";"Viellenave-sur-Bidouze"
"65008";"Anéran-Camors"
"65027";"Armenteule"
"65122";"Camous"
"65188";"Gavarnie"
"65227";"Ilhan"
"65246";"Lahitte"
"65365";"Pouchergues"
"67007";"Altenstadt"
"67014";"Auenheim"
"67015";"Avenheim"
"67024";"Behlenheim"
"67041";"Birkenwald"
"67042";"Birlenbach"
"67064";"Bremmelbach"
"67114";"Eberbach-Worth"
"67157";"Gimbrett"
"67158";"Gingsheim"
"67170";"Griesbach"
"67171";"Griesbach-le-Bastberg"
"67193";"Hermerswiller"
"67207";"Hohatzenheim"
"67211";"Hohwiller"
"67219";"Imbsheim"
"67224";"Irmstett"
"67243";"Kleinfrankenheim"
"67251";"Kuhlendorf"
"67262";"Leiterswiller"
"67284";"Mattstall"
"67294";"Mitschdorf"
"67297";"Mittelhausen"
"67316";"Nehwiller-près-Worth"
"67332";"Niederseebach"
"67374";"Pfettisheim"
"67376";"Bischtroff-sur-Sarre"
"67390";"Reimerswiller"
"67393";"Reitwiller"
"67399";"Riedheim"
"67402";"Ringeldorf"
"67419";"Rumersheim"
"67431";"Salenthal"
"67439";"Schaffhouse-sur-Zorn"
"67457";"Schwabwiller"
"67469";"Singrist"
"67496";"Uberach"
"67512";"La Walck"
"67533";"Wilshausen"
"67549";"Wollenheim"
"67560";"Zobersdorf"
"67561";"Zollingen"
"67562";"Zutzendorf"
"68031";"Bernwiller"
"68070";"Didenheim"
"68108";"Grentzingen"
"68133";"Henflingen"
"68164";"Kientzheim"
"68206";"Michelbach"
"68233";"Niederbruck"
"68272";"Riedwihr"
"68310";"Sigolsheim"
"68314";"Soppe-le-Haut"
"68319";"Spechbach-le-Bas"
"69015";"Avenas"
"69025";"Bourg-de-Thizy"
"69041";"La Chapelle-de-Mardore"
"69048";"Chassagny"
"69073";"Dareizé"
"69101";"Jarnioux"
"69114";"Liergues"
"69123";"Lyon"
"69128";"Mardore"
"69129";"Marnand"
"69144";"Nuelles"
"69146";"Oingt"
"69147";"Les Olmes"
"69150";"Ouroux"
"69158";"Pont-Trambouze"
"69185";"Saint-Christophe"
"69195";"Saint-Didier-sous-Riverie"
"69210";"Saint-Jacques-des-Arrêts"
"69211";"Saint-Jean-d'Ardières"
"69213";"Saint-Jean-de-Touslas"
"69222";"Saint-Laurent-d'Oingt"
"69223";"Saint-Loup"
"69224";"Saint-Mamert"
"69237";"Saint-Sorlin"
"69247";"Thel"
"69251";"Trades"
"70033";"Aubertans"
"70034";"Aubigney"
"70068";"Betoncourt-les-Ménétriers"
"70108";"Bussurel"
"70123";"Champlitte-la-Ville"
"70131";"Charentenay"
"70173";"Corcelles"
"70191";"Cubry-lès-Soing"
"70223";"Étroitefontaine"
"70241";"Les Fontenis"
"70246";"Fouvent-le-Bas"
"70281";"Greucourt"
"70300";"Leffond"
"70333";"Margilley"
"70345";"Miellin"
"70346";"Mignafans"
"70354";"Montarlot-lès-Champlitte"
"70370";"Montseugny"
"70382";"Neuvelle-lès-Champlitte"
"70391";"Noroy-lès-Jussey"
"70434";"Quitteur"
"70458";"Saint-Andoche"
"70465";"Saint-Julien"
"70475";"Saint-Valbert"
"70497";"Tavey"
"70551";"Vezet"
"70570";"Virey"
"71055";"Brandon"
"71180";"Donzy-le-National"
"71260";"Loché"
"71288";"Massy"
"71304";"Montagny-sur-Grosne"
"71375";"Le Rousset"
"71432";"Saint-Jean-le-Priche"
"71511";"Sennecé-lès-Mâcon"
"71587";"Vitry-lès-Cluny"
"72063";"La Chapelle-Gaugain"
"72069";"Chassé"
"72081";"Cherreau"
"72082";"Le Chevain"
"72097";"Coulombiers"
"72108";"Cré-sur-Loir"
"72117";"Dissé-sous-le-Lude"
"72159";"Lavenay"
"72162";"Lignières-la-Carelle"
"72203";"Montabon"
"72207";"Montigny"
"72240";"Poncé-sur-le-Loir"
"72258";"Roullée"
"72284";"Saint-Germain-sur-Sarthe"
"72288";"Saint-Hilaire-le-Lierru"
"72304";"Sainte-Osmane"
"72318";"Saint-Rigomer-des-Bois"
"72384";"Vouvray-sur-Loir"
"73002";"Aiguebelle"
"73035";"Beaune"
"73038";"Bellentre"
"73045";"Le Bois"
"73046";"Bonneval"
"73056";"Bramans"
"73060";"Celliers"
"73062";"Cessens"
"73080";"Le Châtel"
"73093";"La Côte-d'Aime"
"73102";"Doucy"
"73108";"Épersy"
"73111";"Étable"
"73112";"Feissons-sur-Isère"
"73115";"Fontaine-le-Puits"
"73118";"Francin"
"73126";"Granier"
"73127";"Gresin"
"73143";"Lanslebourg-Mont-Cenis"
"73144";"Lanslevillard"
"73148";"Longefoy"
"73158";"Mognard"
"73163";"Montaimont"
"73167";"Montgellafrey"
"73169";"Montgirod"
"73174";"Montrond"
"73185";"Naves"
"73199";"Petit-Cour"
"73203";"Pontamafrey-Montpascal"
"73209";"Pussy"
"73238";"Saint-Germain-la-Chambotte"
"73239";"Saint-Girod"
"73244";"Saint-Jean-de-Belleville"
"73260";"Saint-Maurice-de-Rotherens"
"73266";"Saint-Oyen"
"73287";"Sollières-Sardières"
"73291";"Tessens"
"73295";"Thyl"
"73305";"Valezan"
"73321";"Villarlurin"
"73325";"Villette"
"74011";"Annecy-le-Vieux"
"74022";"Aviernoz"
"74084";"Cons-Sainte-Colombe"
"74093";"Cran-Gevrier"
"74113";"Ésery"
"74120";"Évires"
"74182";"Meythet"
"74187";"Montmin"
"74204";"Les Ollières"
"74217";"Pringy"
"74245";"Saint-Martin-Bellevue"
"74268";"Seynod"
"75056";"Paris"
"76003";"Ambourville"
"76027";"Assigny"
"76031";"Auberville-la-Campagne"
"76037";"Auquemesnil"
"76044";"Auzouville-Auberbosc"
"76073";"Belleville-sur-Mer"
"76078";"Bennetot"
"76080";"Bermonville"
"76081";"Berneval-le-Grand"
"76098";"Biville-sur-Mer"
"76127";"Bosc-Roger-sur-Buchy"
"76137";"Bracquemont"
"76145";"Brunville"
"76191";"Cressy"
"76215";"Derchigny"
"76248";"Estouteville-Écalles"
"76277";"Le Fossé"
"76301";"Glicourt"
"76310";"Gouchaupre"
"76326";"Greny"
"76337";"Guilmécourt"
"76376";"Intraville"
"76466";"Neuville-lès-Dieppe"
"76496";"Penly"
"76525";"Ricarville"
"76539";"Rouelles"
"76607";"Sainte-Marguerite-sur-Fauville"
"76625";"Saint-Nicolas-de-Bliquetuit"
"76639";"Saint-Pierre-Lavis"
"76643";"Saint-Quentin-au-Bosc"
"76659";"Saint-Wandrille-Rançon"
"76674";"Sévis"
"76696";"Tocqueville-sur-Eu"
"76701";"Touffreville-la-Cable"
"76704";"Tourville-la-Chapelle"
"76713";"Triquerville"
"76729";"Veauville-lès-Baons"
"76742";"Villequier"
"77166";"Écuelles"
"77170";"Épisy"
"77189";"Fontaine-sous-Montaiguillon"
"77299";"Montarlot"
"77324";"Moutils"
"77334";"Nesles"
"77346";"Ormeaux"
"77351";"Ozouer-le-Repos"
"77375";"Préaux"
"77399";"Saint-Ange-le-Viel"
"77491";"Veneux-les-Sablons"
"77497";"Vieux-Maisons"
"77499";"Vilbert"
"77502";"Villegagnon"
"78251";"Fourqueux"
"78524";"Rocquencourt"
"79004";"Aigonnay"
"79006";"Les Alleuds"
"79026";"Bagneux"
"79027";"La Bataille"
"79028";"Beaulieu-sous-Bressuire"
"79033";"Belleville"
"79035";"Le Beugnon"
"79039";"Boisserolles"
"79041";"Borcq-sur-Airvault"
"79043";"Bouillé-Loretz"
"79044";"Bouillé-Saint-Paul"
"79051";"Le Breuil-Bernard"
"79052";"Breuil-Chaussée"
"79053";"Le Breuil-sous-Argenton"
"79054";"Brie"
"79065";"Chambroutet"
"79068";"Chantecorps"
"79072";"La Chapelle-Gaudin"
"79073";"La Chapelle-Largeau"
"79075";"La Chapelle-Saint-Étienne"
"79093";"Clazay"
"79098";"La Couarde"
"79099";"La Coudre"
"79107";"Crézières"
"79113";"Étusson"
"79143";"Les Jumeaux"
"79155";"Loublande"
"79168";"Massais"
"79171";"Mauzé-Thouarsais"
"79173";"Mazières-sur-Béronne"
"79178";"Missé"
"79181";"Montigné"
"79182";"Montigny"
"79186";"Moulins"
"79187";"Moutiers-sous-Argenton"
"79188";"Moutiers-sous-Chantemerle"
"79192";"Noirlieu"
"79193";"Noirterre"
"79199";"Paizay-le-Tort"
"79219";"Priaires"
"79222";"Pugny"
"79224";"Le Puy-Saint-Bonnet"
"79232";"La Ronde"
"79233";"Rorthais"
"79237";"Saint-Aubin-de-Baubigné"
"79240";"Sainte-Blandine"
"79247";"Saint-Étienne-la-Cigogne"
"79260";"Saint-Jouin-de-Marnes"
"79261";"Saint-Jouin-de-Milly"
"79264";"Saint-Léger-de-la-Martinière"
"79272";"Saint-Marsault"
"79279";"Saint-Martin-lès-Melle"
"79282";"Saint-Médard"
"79288";"Saint-Pierre-à-Champ"
"79292";"Sainte-Radegonde"
"79296";"Saint-Sauveur"
"79314";"Sompt"
"79317";"Soulièvres"
"79318";"Soutiers"
"79321";"Taizé-Maulais"
"79323";"Le Temple"
"79324";"Terves"
"79325";"Tessonnière"
"79327";"Thorigné"
"79328";"Thorigny-sur-le-Mignon"
"79330";"Tillou"
"79333";"Ulcot"
"79344";"Verrines-sous-Celles"
"80007";"Agnières"
"80111";"Boisrault"
"80175";"Carnoy"
"80257";"Dreuil-lès-Molliens"
"80289";"Estrées-en-Chaussée"
"80363";"Frettemolle"
"80382";"Gouy-l'Hôpital"
"80394";"Guémicourt"
"80398";"Guibermesnil"
"80441";"Hocquincourt"
"80447";"Hyencourt-le-Grand"
"80454";"Laboissière-Saint-Martin"
"80457";"Lahaye-Saint-Romain"
"80483";"Lincheux-Hallivillers"
"80492";"Longvillers"
"80510";"Marcheville"
"80532";"Méricourt-sur-Somme"
"80551";"Misery"
"80564";"Montmarquet"
"80581";"Namps-au-Mont"
"80594";"Neuville-lès-Louilly"
"80608";"Omiécourt"
"80610";"Onvillers"
"80612";"Orival"
"80689";"Rumaisnil"
"80712";"Saint-Pierre-à-Gouy"
"80731";"Selincourt"
"80739";"Souplicourt"
"80745";"Taisnil"
"80761";"Tilloy-lès-Conty"
"80768";"Tronchoy"
"80816";"Wailly"
"80817";"Wanel"
"81057";"Campes"
"81113";"Labastide-Dénat"
"81226";"Ronel"
"81241";"Saint-Antonin-de-Lacalm"
"81260";"Saint-Lieux-Lafenasse"
"81296";"Terre-Clapier"
"81301";"Le Travet"
"85027";"Boufféré"
"85030";"Boulogne"
"85043";"Chaillé-sous-les-Ormeaux"
"85044";"Chaix"
"85048";"Chambretaud"
"85052";"La Chapelle-Achard"
"85063";"Les Châtelliers-Châteaumur"
"85068";"La Claye"
"85069";"Les Clouzeaux"
"85079";"Dissais"
"85091";"Fontaines"
"85107";"La Guyonnière"
"85122";"Lesson"
"85150";"Mormaison"
"85165";"L'Oie"
"85168";"Oulmes"
"85180";"La Pommeraie-sur-Sèvre"
"85203";"Sainte-Christine"
"85212";"Sainte-Florence"
"85217";"Saint-Georges-de-Montaigu"
"85219";"Saint-Germain-l'Aiguiller"
"85224";"Saint-Hilaire-de-Loulay"
"85230";"Saint-Hilaire-du-Bois"
"85257";"Saint-Michel-Mont-Mercure"
"85263";"Saint-Philbert-du-Pont-Charrault"
"85270";"Saint-Sornin"
"85272";"Saint-Sulpice-le-Verdon"
"85275";"Saint-Vincent-Puymaufrais"
"85279";"Saligny"
"85299";"Velluire"
"86021";"Benassay"
"86030";"Blaslay"
"86043";"Ceaux-en-Couhé"
"86056";"La Chapelle-Montreuil"
"86060";"Charrais"
"86067";"Châtillon"
"86071";"Cheneché"
"86101";"Frontenay-sur-Dive"
"86146";"Marigny-Brizay"
"86155";"Messais"
"86166";"Montreuil-Bonnin"
"86179";"Notre-Dame-d'Or"
"86185";"Ouzilly-Vignolles"
"86188";"Payré"
"86199";"Pouzioux"
"86212";"Rossay"
"86216";"Saint-Chartres"
"86219";"Saint-Cyr"
"86259";"Senillé"
"86267";"Targé"
"86277";"Varennes"
"86278";"Vaux"
"86283";"Verger-sur-Dive"
"87026";"Bussière-Boffy"
"87055";"Darnac"
"87098";"Milhaguet"
"87136";"Saint-Barbant"
"87171";"Saint-Nicolas-Courbefy"
"87173";"Saint-Pardoux"
"87175";"Saint-Priest-le-Betoux"
"87184";"Saint-Symphorien-sur-Couze"
"87196";"Thiat"
"88018";"Aumontzey"
"88067";"Le Boulay"
"88112";"Colroy-la-Grande"
"88174";"Fomerey"
"88204";"Girmont"
"88234";"Harsault"
"88235";"Hautmougey"
"88337";"Oncourt"
"88420";"Saint-Jean-du-Marché"
"89001";"Accolay"
"89047";"Bligny-en-Othe"
"89052";"Bouilly"
"89070";"Chambeugle"
"89078";"Champvallon"
"89090";"Chastenay"
"89097";"Chêne-Arnoult"
"89103";"Chevillon"
"89107";"Chigy"
"89109";"Cisery"
"89114";"Commissey"
"89138";"Dicy"
"89140";"Dilo"
"89157";"Essert"
"89166";"Fleurigny"
"89174";"Fontenailles"
"89178";"Fontenouilles"
"89192";"Grandchamp"
"89213";"Laduz"
"89231";"Louesme"
"89241";"Malicorne"
"89243";"Marchais-Beton"
"89260";"Molesmes"
"89275";"Neuilly"
"89293";"Perreuse"
"89294";"Perreux"
"89317";"Prunoy"
"89322";"Rebourseaux"
"89330";"Sacy"
"89340";"Sainte-Colombe-sur-Loing"
"89343";"Saint-Denis-sur-Ouanne"
"89356";"Saint-Martin-sur-Ocre"
"89357";"Saint-Martin-sur-Oreuse"
"89358";"Saint-Martin-sur-Ouanne"
"89372";"Saint-Vinnemer"
"89381";"Sceaux"
"89389";"Septfonds"
"89401";"Sougères-sur-Sinotte"
"89421";"Trévilly"
"89429";"Vareilles"
"89435";"Vaux"
"89448";"Vignes"
"89454";"Villefranche"
"89457";"Villemer"
"89473";"Villiers-sur-Tholon"
"89476";"La Villotte"
"89484";"Volgré"
"91222";"Estouches"
